_id,age,sex,region,income,married,children,car,save_act,current_act,mortgage,pep
ID13500,30,FEMALE,RURAL,76635.12,,1,YES,YES,NO,,YES
ID13501,54,MALE,RURAL,87363.18,,,YES,YES,NO,NO,YES
ID13502,55,MALE,INNER_CITY,50049.64,NO,3,NO,YES,NO,NO,NO
ID13503,29,FEMALE,RURAL,50400.45,YES,,NO,YES,NO,YES,NO
ID13504,32,FEMALE,INNER_CITY,86619.27,NO,2,YES,YES,YES,YES,YES
ID13505,49,MALE,INNER_CITY,85391.86,NO,1,NO,NO,YES,,NO
ID13506,19,MALE,TOWN,17939.37,NO,5,NO,YES,YES,NO,YES
ID13507,45,FEMALE,RURAL,8701.86,,4,NO,YES,YES,NO,NO
ID13508,50,FEMALE,SUBURBAN,43796.33,NO,2,NO,YES,YES,NO,YES
ID13509,54,MALE,RURAL,83952.01,YES,4,YES,NO,NO,,YES
ID13510,55,FEMALE,INNER_CITY,,NO,3,NO,YES,NO,,NO
ID13511,26,FEMALE,RURAL,19614.44,,,YES,NO,NO,,NO
ID13512,52,MALE,SUBURBAN,53516.16,YES,1,YES,NO,NO,NO,NO
ID13513,24,FEMALE,SUBURBAN,57004.64,NO,2,YES,YES,YES,NO,NO
ID13514,63,MALE,TOWN,56518.31,NO,1,NO,YES,YES,,YES
ID13515,33,MALE,RURAL,23227.08,,1,NO,NO,NO,YES,NO
ID13516,64,FEMALE,TOWN,32130.67,,0,NO,YES,YES,,NO
ID13517,35,MALE,SUBURBAN,34133.98,YES,4,YES,NO,YES,YES,YES
ID13518,43,FEMALE,INNER_CITY,65453.87,YES,,YES,NO,YES,NO,YES
ID13519,21,MALE,RURAL,34746.69,NO,3,NO,NO,NO,NO,YES
ID13520,38,MALE,SUBURBAN,6798.25,YES,3,NO,YES,NO,,NO
ID13521,55,MALE,SUBURBAN,75689.12,YES,,NO,YES,YES,,NO
ID13522,59,MALE,SUBURBAN,84514.47,NO,,NO,NO,YES,NO,NO
ID13523,70,MALE,INNER_CITY,,YES,,NO,NO,YES,,NO
ID13524,24,MALE,SUBURBAN,64287.01,,4,NO,NO,YES,,NO
ID13525,61,MALE,TOWN,64242.86,NO,3,NO,YES,NO,NO,YES
ID13526,41,MALE,INNER_CITY,25511.04,,0,YES,YES,NO,NO,NO
ID13527,58,MALE,RURAL,46712.88,,5,NO,NO,NO,,NO
ID13528,36,MALE,RURAL,93740.72,NO,,NO,NO,YES,,NO
ID13529,50,FEMALE,TOWN,42364.67,NO,,YES,NO,NO,,NO
ID13530,58,MALE,SUBURBAN,42951.87,,4,NO,NO,NO,YES,YES
ID13531,24,MALE,INNER_CITY,,YES,4,YES,YES,NO,NO,NO
ID13532,55,MALE,TOWN,62748.06,YES,,NO,NO,NO,YES,YES
ID13533,69,FEMALE,INNER_CITY,,,5,NO,NO,NO,NO,NO
ID13534,53,MALE,RURAL,71265.48,YES,,YES,NO,YES,YES,NO
ID13535,67,FEMALE,RURAL,49343.68,NO,1,YES,YES,YES,NO,NO
ID13536,37,FEMALE,SUBURBAN,,YES,,NO,NO,NO,,YES
ID13537,51,FEMALE,SUBURBAN,98329.23,YES,2,YES,NO,NO,NO,YES
ID13538,71,MALE,RURAL,29255.86,NO,,NO,NO,YES,NO,YES
ID13539,52,FEMALE,RURAL,,YES,1,NO,YES,NO,,NO
ID13540,33,MALE,TOWN,22412.47,YES,,NO,YES,YES,YES,NO
ID13541,47,MALE,TOWN,41202.86,YES,,NO,YES,NO,NO,YES
ID13542,61,FEMALE,SUBURBAN,,,3,NO,NO,NO,,NO
ID13543,44,FEMALE,SUBURBAN,80914.51,YES,1,NO,YES,NO,,NO
ID13544,43,MALE,RURAL,7340.31,,,YES,NO,NO,,NO
ID13545,62,FEMALE,RURAL,70580.93,YES,,NO,YES,YES,,YES
ID13546,25,MALE,RURAL,56195.06,NO,1,YES,YES,NO,,YES
ID13547,59,FEMALE,INNER_CITY,73266.98,,3,YES,YES,YES,YES,NO
ID13548,45,FEMALE,RURAL,28635.69,NO,,NO,NO,NO,,YES
ID13549,73,FEMALE,TOWN,84908.66,,2,YES,YES,YES,NO,NO
ID13550,21,FEMALE,SUBURBAN,80645.06,,0,YES,NO,NO,,NO
ID13551,68,MALE,RURAL,7579.13,,1,NO,NO,NO,NO,NO
ID13552,47,MALE,SUBURBAN,19433.57,NO,1,YES,YES,YES,,YES
ID13553,33,MALE,TOWN,84800.17,YES,4,YES,YES,NO,,NO
ID13554,47,FEMALE,TOWN,,,1,NO,YES,YES,YES,YES
ID13555,50,MALE,RURAL,,,,NO,NO,YES,,YES
ID13556,47,MALE,SUBURBAN,90479.62,YES,,NO,NO,NO,YES,YES
ID13557,53,MALE,INNER_CITY,44624.64,NO,3,YES,NO,YES,NO,NO
ID13558,47,MALE,INNER_CITY,10871.02,NO,5,NO,YES,YES,YES,YES
ID13559,35,FEMALE,RURAL,18231.46,,2,YES,NO,NO,NO,YES
ID13560,24,FEMALE,RURAL,98960.85,,2,YES,NO,YES,NO,NO
ID13561,31,MALE,TOWN,99404.96,,4,YES,YES,YES,NO,YES
ID13562,45,MALE,INNER_CITY,52698.36,NO,,NO,NO,YES,NO,NO
ID13563,38,MALE,TOWN,27842.03,YES,,NO,NO,NO,,NO
ID13564,74,FEMALE,RURAL,19191.11,YES,3,NO,YES,YES,,NO
ID13565,65,MALE,TOWN,53810.53,NO,1,NO,NO,YES,NO,NO
ID13566,27,MALE,SUBURBAN,22417.95,NO,1,NO,NO,NO,YES,YES
ID13567,63,MALE,RURAL,67470.95,YES,0,YES,YES,NO,NO,NO
ID13568,74,MALE,INNER_CITY,62946.12,NO,,NO,NO,YES,,YES
ID13569,31,FEMALE,RURAL,31006.74,YES,2,NO,YES,YES,YES,NO
ID13570,50,MALE,INNER_CITY,62345.29,,,NO,YES,NO,NO,NO
ID13571,38,FEMALE,INNER_CITY,,YES,0,NO,NO,YES,,NO
ID13572,75,FEMALE,RURAL,73667.11,,1,YES,YES,YES,,NO
ID13573,54,MALE,TOWN,50363.92,NO,3,YES,YES,NO,YES,NO
ID13574,41,FEMALE,TOWN,16587.11,,5,YES,NO,YES,YES,YES
ID13575,28,FEMALE,RURAL,,YES,,NO,YES,YES,YES,NO
ID13576,28,FEMALE,RURAL,89334.31,NO,4,YES,NO,NO,NO,NO
ID13577,62,FEMALE,INNER_CITY,,,,YES,YES,YES,NO,NO
ID13578,18,FEMALE,INNER_CITY,,YES,0,YES,YES,NO,,YES
ID13579,25,FEMALE,INNER_CITY,80835.96,YES,5,YES,NO,NO,NO,YES
ID13580,33,MALE,TOWN,90751.27,NO,1,NO,NO,NO,YES,YES
ID13581,50,MALE,SUBURBAN,13015.66,NO,,NO,YES,YES,,NO
ID13582,40,FEMALE,TOWN,90128.86,,,NO,NO,YES,NO,NO
ID13583,58,MALE,SUBURBAN,,,,NO,NO,NO,NO,YES
ID13584,44,FEMALE,TOWN,90613.86,,2,NO,NO,NO,NO,NO
ID13585,31,FEMALE,INNER_CITY,,YES,,NO,NO,YES,NO,YES
ID13586,34,MALE,RURAL,21828.35,YES,,NO,NO,YES,NO,YES
ID13587,65,FEMALE,INNER_CITY,64255.09,YES,1,NO,NO,YES,YES,NO
ID13588,36,FEMALE,SUBURBAN,65778.21,,2,YES,YES,YES,NO,NO
ID13589,47,MALE,SUBURBAN,10724.85,YES,,NO,NO,NO,,NO
ID13590,51,MALE,TOWN,95521.91,NO,1,NO,NO,YES,YES,YES
ID13591,32,FEMALE,TOWN,54707.96,NO,3,NO,NO,NO,YES,YES
ID13592,56,FEMALE,TOWN,79831.37,,3,NO,YES,YES,NO,YES
ID13593,32,FEMALE,INNER_CITY,5242.02,,1,YES,NO,YES,,YES
ID13594,44,FEMALE,RURAL,61975.95,,,NO,NO,NO,,NO
ID13595,22,MALE,TOWN,85816.7,NO,3,NO,YES,NO,YES,NO
ID13596,38,FEMALE,RURAL,84673.91,,3,NO,NO,NO,,NO
ID13597,31,MALE,TOWN,29826.71,YES,1,YES,YES,NO,YES,NO
ID13598,48,MALE,INNER_CITY,72299.95,,4,YES,YES,NO,NO,YES
ID13599,53,MALE,SUBURBAN,,NO,3,YES,YES,YES,NO,NO
ID13600,33,FEMALE,TOWN,60474.03,,2,NO,YES,NO,,YES
ID13601,40,MALE,TOWN,13068.01,,0,YES,NO,YES,,NO
ID13602,57,FEMALE,INNER_CITY,61688.2,,1,NO,YES,NO,YES,NO
ID13603,29,FEMALE,TOWN,46900.93,,,NO,NO,NO,YES,YES
ID13604,53,FEMALE,TOWN,11158.51,,1,NO,YES,NO,YES,YES
ID13605,64,FEMALE,TOWN,45446.04,,1,YES,NO,NO,,NO
ID13606,45,MALE,SUBURBAN,97813.61,NO,,YES,YES,YES,NO,NO
ID13607,60,MALE,SUBURBAN,74061.35,,,NO,NO,YES,YES,YES
ID13608,74,MALE,RURAL,62855.08,,2,YES,YES,YES,NO,NO
ID13609,20,MALE,INNER_CITY,15271.47,YES,1,NO,YES,NO,NO,NO
ID13610,29,FEMALE,RURAL,49030.41,YES,2,NO,NO,YES,,YES
ID13611,74,MALE,INNER_CITY,92959.19,,5,NO,NO,YES,YES,YES
ID13612,49,FEMALE,SUBURBAN,85681.68,,4,YES,YES,YES,YES,YES
ID13613,63,MALE,INNER_CITY,73055.06,YES,2,NO,YES,NO,NO,YES
ID13614,40,MALE,INNER_CITY,35574.49,YES,4,YES,NO,YES,YES,NO
ID13615,30,MALE,RURAL,,,2,YES,YES,YES,NO,YES
ID13616,55,FEMALE,SUBURBAN,94666.88,,0,YES,YES,YES,YES,NO
ID13617,33,MALE,SUBURBAN,48861.84,YES,0,YES,YES,NO,NO,YES
ID13618,68,MALE,INNER_CITY,62832.94,,4,NO,YES,NO,,NO
ID13619,50,FEMALE,RURAL,,,,NO,NO,YES,,NO
ID13620,70,MALE,TOWN,30990.26,NO,0,YES,YES,YES,NO,NO
ID13621,23,FEMALE,SUBURBAN,31867.35,,,YES,NO,YES,NO,NO
ID13622,43,FEMALE,INNER_CITY,86887.35,NO,,YES,NO,NO,YES,NO
ID13623,41,FEMALE,RURAL,66806.11,,0,NO,NO,YES,,NO
ID13624,39,MALE,SUBURBAN,67003.48,,4,YES,YES,NO,,YES
ID13625,44,FEMALE,TOWN,,NO,4,YES,NO,NO,YES,NO
ID13626,34,FEMALE,TOWN,18595.22,YES,,NO,NO,YES,NO,NO
ID13627,48,FEMALE,TOWN,37185.47,NO,1,YES,NO,NO,,YES
ID13628,51,FEMALE,INNER_CITY,90895.27,,0,NO,YES,NO,YES,NO
ID13629,27,FEMALE,TOWN,31066.15,NO,5,YES,YES,NO,,YES
ID13630,60,MALE,INNER_CITY,88093.2,,,NO,YES,YES,NO,YES
ID13631,69,FEMALE,TOWN,73056.3,YES,0,NO,YES,NO,NO,YES
ID13632,42,FEMALE,INNER_CITY,61990.62,,2,YES,YES,YES,NO,YES
ID13633,64,MALE,INNER_CITY,38813.67,NO,3,NO,YES,YES,,YES
ID13634,20,FEMALE,INNER_CITY,8411.03,,4,NO,YES,YES,NO,YES
ID13635,42,FEMALE,INNER_CITY,58327.59,NO,4,YES,NO,YES,YES,NO
ID13636,26,MALE,SUBURBAN,33115.0,NO,3,NO,YES,YES,NO,NO
ID13637,62,MALE,TOWN,48580.98,,,NO,YES,NO,YES,NO
ID13638,62,FEMALE,RURAL,53441.96,YES,1,YES,NO,YES,NO,NO
ID13639,27,MALE,TOWN,63261.54,YES,4,YES,YES,NO,,NO
ID13640,35,FEMALE,TOWN,71552.6,YES,4,NO,YES,NO,YES,NO
ID13641,64,MALE,SUBURBAN,47866.75,YES,0,NO,NO,NO,NO,NO
ID13642,64,FEMALE,RURAL,47067.23,,1,YES,NO,YES,NO,NO
ID13643,32,MALE,SUBURBAN,42346.58,YES,1,YES,YES,YES,NO,YES
ID13644,74,MALE,RURAL,70674.03,NO,2,NO,NO,NO,,YES
ID13645,25,FEMALE,RURAL,,YES,2,YES,NO,NO,YES,NO
ID13646,18,FEMALE,RURAL,9344.67,NO,3,YES,YES,YES,,YES
ID13647,57,MALE,RURAL,72207.9,YES,2,YES,NO,NO,YES,YES
ID13648,66,MALE,RURAL,78710.51,YES,1,YES,YES,YES,YES,NO
ID13649,36,MALE,TOWN,41066.44,YES,5,YES,NO,YES,YES,YES
ID13650,43,FEMALE,INNER_CITY,55410.41,YES,,NO,NO,NO,,YES
ID13651,62,MALE,RURAL,76876.09,NO,,NO,NO,NO,YES,YES
ID13652,58,MALE,INNER_CITY,48804.37,,,NO,YES,YES,,YES
ID13653,25,MALE,RURAL,86182.33,,1,NO,NO,NO,NO,YES
ID13654,42,MALE,SUBURBAN,40976.69,,,YES,NO,YES,NO,YES
ID13655,37,FEMALE,TOWN,53456.26,YES,,NO,NO,YES,YES,NO
ID13656,19,MALE,RURAL,76365.98,,0,YES,NO,YES,YES,YES
ID13657,73,MALE,RURAL,80152.73,,,YES,NO,YES,NO,NO
ID13658,68,MALE,SUBURBAN,97381.05,YES,3,YES,NO,NO,YES,YES
ID13659,40,MALE,TOWN,90743.48,YES,,NO,YES,NO,,YES
ID13660,69,FEMALE,SUBURBAN,24820.77,YES,1,NO,YES,YES,,YES
ID13661,24,FEMALE,TOWN,85752.83,,2,NO,NO,NO,,NO
ID13662,56,MALE,SUBURBAN,92601.83,NO,,NO,YES,YES,,NO
ID13663,25,FEMALE,RURAL,13139.62,,,NO,NO,YES,,NO
ID13664,35,FEMALE,TOWN,5286.42,NO,4,NO,NO,NO,NO,NO
ID13665,67,FEMALE,RURAL,33589.67,NO,0,NO,NO,YES,NO,YES
ID13666,60,MALE,INNER_CITY,16786.04,YES,,NO,NO,YES,,NO
ID13667,62,FEMALE,RURAL,90576.08,YES,5,YES,YES,NO,YES,YES
ID13668,28,FEMALE,RURAL,,YES,,YES,NO,NO,,NO
ID13669,62,MALE,SUBURBAN,65279.93,,,NO,NO,NO,YES,NO
ID13670,53,MALE,SUBURBAN,34619.79,YES,1,YES,YES,NO,NO,YES
ID13671,58,FEMALE,SUBURBAN,46866.45,,3,NO,YES,YES,YES,YES
ID13672,23,FEMALE,RURAL,71867.64,,1,NO,NO,YES,YES,YES
ID13673,43,FEMALE,SUBURBAN,50892.76,NO,2,NO,YES,YES,NO,NO
ID13674,62,FEMALE,RURAL,57997.1,,0,NO,NO,YES,NO,NO
ID13675,64,MALE,TOWN,77488.24,YES,,NO,NO,NO,NO,NO
ID13676,73,MALE,SUBURBAN,96704.22,NO,1,NO,YES,NO,NO,YES
ID13677,50,FEMALE,SUBURBAN,40911.42,NO,,YES,YES,YES,YES,NO
ID13678,50,FEMALE,SUBURBAN,85254.29,,3,YES,YES,NO,NO,NO
ID13679,63,MALE,INNER_CITY,,,5,NO,NO,NO,YES,NO
ID13680,46,FEMALE,RURAL,47966.92,,,YES,YES,YES,NO,YES
ID13681,41,MALE,INNER_CITY,10312.71,,,NO,NO,NO,NO,NO
ID13682,23,FEMALE,SUBURBAN,98202.45,,2,YES,YES,YES,,NO
ID13683,26,FEMALE,INNER_CITY,,NO,5,YES,NO,YES,,YES
ID13684,64,FEMALE,SUBURBAN,,NO,0,NO,NO,NO,,YES
ID13685,74,FEMALE,RURAL,64867.1,NO,5,YES,YES,YES,YES,NO
ID13686,40,MALE,TOWN,89313.03,NO,1,YES,YES,NO,NO,NO
ID13687,34,MALE,TOWN,,NO,3,NO,NO,NO,NO,NO
ID13688,52,MALE,TOWN,59357.7,,4,YES,YES,NO,,NO
ID13689,54,FEMALE,INNER_CITY,69657.74,,4,YES,NO,YES,YES,NO
ID13690,41,FEMALE,TOWN,78316.11,,,YES,NO,YES,,NO
ID13691,39,FEMALE,INNER_CITY,,YES,,NO,NO,NO,NO,YES
ID13692,74,FEMALE,SUBURBAN,76055.25,YES,5,YES,YES,NO,,NO
ID13693,31,MALE,SUBURBAN,,,,YES,YES,NO,YES,NO
ID13694,24,FEMALE,RURAL,85769.3,NO,,NO,NO,YES,NO,YES
ID13695,26,MALE,RURAL,,YES,1,YES,NO,NO,YES,NO
ID13696,41,FEMALE,SUBURBAN,62678.13,NO,4,YES,YES,YES,NO,NO
ID13697,29,MALE,TOWN,60308.45,,,NO,YES,NO,YES,NO
ID13698,48,FEMALE,SUBURBAN,75612.21,,4,YES,YES,NO,,YES
ID13699,31,MALE,SUBURBAN,98216.22,NO,2,NO,YES,YES,,YES
ID13700,33,MALE,SUBURBAN,90768.55,YES,4,NO,YES,YES,NO,YES
ID13701,41,FEMALE,INNER_CITY,28412.39,NO,4,YES,YES,YES,,YES
ID13702,29,MALE,SUBURBAN,50652.07,,,YES,NO,NO,,YES
ID13703,74,FEMALE,TOWN,99788.44,YES,1,NO,YES,YES,YES,NO
ID13704,22,FEMALE,INNER_CITY,44994.18,YES,2,YES,NO,NO,,NO
ID13705,24,MALE,RURAL,88017.86,,,NO,YES,YES,YES,YES
ID13706,68,FEMALE,TOWN,90804.06,,3,NO,NO,NO,NO,NO
ID13707,44,MALE,SUBURBAN,79433.31,,3,YES,YES,YES,NO,YES
ID13708,57,FEMALE,INNER_CITY,10273.15,NO,0,NO,YES,NO,YES,NO
ID13709,55,FEMALE,SUBURBAN,84198.49,NO,,NO,YES,YES,YES,NO
ID13710,63,MALE,SUBURBAN,19571.49,YES,,NO,YES,YES,YES,YES
ID13711,39,FEMALE,RURAL,11217.81,YES,3,NO,NO,YES,NO,NO
ID13712,52,FEMALE,RURAL,19010.89,,0,YES,NO,NO,NO,NO
ID13713,41,FEMALE,SUBURBAN,63779.84,,4,YES,NO,YES,YES,YES
ID13714,38,FEMALE,TOWN,21516.62,NO,1,YES,YES,NO,,YES
ID13715,25,MALE,INNER_CITY,26319.23,YES,5,YES,NO,YES,YES,YES
ID13716,52,MALE,TOWN,,YES,,YES,YES,YES,NO,YES
ID13717,20,FEMALE,SUBURBAN,95131.36,NO,,NO,YES,NO,,YES
ID13718,40,FEMALE,INNER_CITY,86289.78,NO,3,YES,YES,YES,,YES
ID13719,75,FEMALE,RURAL,55497.8,YES,,NO,YES,NO,YES,NO
ID13720,35,MALE,SUBURBAN,58932.04,NO,5,NO,YES,NO,YES,YES
ID13721,73,MALE,INNER_CITY,20210.04,NO,4,NO,NO,NO,YES,NO
ID13722,33,MALE,SUBURBAN,57758.51,,,YES,NO,NO,,YES
ID13723,61,MALE,RURAL,46651.81,YES,,NO,NO,NO,NO,NO
ID13724,74,MALE,RURAL,24112.71,YES,3,NO,YES,NO,YES,NO
ID13725,72,MALE,RURAL,75541.18,YES,,YES,YES,NO,,NO
ID13726,71,MALE,RURAL,39167.89,,2,NO,YES,YES,,NO
ID13727,46,FEMALE,INNER_CITY,41798.49,,,YES,NO,NO,NO,NO
ID13728,55,MALE,TOWN,76073.74,YES,,NO,NO,YES,YES,NO
ID13729,67,FEMALE,RURAL,38058.63,,,YES,NO,NO,,NO
ID13730,69,FEMALE,SUBURBAN,12605.06,YES,5,YES,YES,NO,YES,YES
ID13731,29,FEMALE,RURAL,40365.44,NO,0,YES,YES,NO,YES,YES
ID13732,72,FEMALE,INNER_CITY,40794.37,NO,5,YES,NO,NO,NO,YES
ID13733,22,FEMALE,SUBURBAN,15182.36,,,NO,NO,NO,NO,YES
ID13734,25,FEMALE,RURAL,33068.57,,2,YES,YES,NO,YES,NO
ID13735,50,FEMALE,RURAL,38492.49,NO,4,NO,NO,NO,NO,YES
ID13736,65,FEMALE,INNER_CITY,39832.69,,,YES,YES,YES,NO,YES
ID13737,73,MALE,INNER_CITY,54607.0,,4,YES,YES,NO,YES,YES
ID13738,40,FEMALE,RURAL,49517.4,NO,,NO,NO,YES,NO,YES
ID13739,72,MALE,SUBURBAN,22626.98,YES,1,YES,NO,NO,YES,YES
ID13740,58,FEMALE,SUBURBAN,8090.05,,2,YES,NO,YES,YES,NO
ID13741,45,FEMALE,TOWN,26714.89,,0,YES,NO,NO,,YES
ID13742,20,MALE,INNER_CITY,55553.01,NO,4,NO,YES,YES,,NO
ID13743,62,FEMALE,TOWN,,NO,3,NO,YES,NO,YES,YES
ID13744,64,FEMALE,SUBURBAN,38195.72,NO,0,NO,NO,YES,NO,NO
ID13745,38,FEMALE,TOWN,,YES,2,NO,NO,NO,YES,YES
ID13746,54,MALE,TOWN,86224.76,,,NO,YES,NO,NO,YES
ID13747,25,FEMALE,RURAL,56532.99,NO,,NO,YES,NO,NO,NO
ID13748,44,FEMALE,TOWN,79615.79,YES,2,NO,YES,NO,NO,YES
ID13749,18,MALE,RURAL,93217.26,NO,2,NO,NO,YES,NO,YES
ID13750,38,MALE,INNER_CITY,58610.31,,5,YES,NO,YES,YES,YES
ID13751,60,FEMALE,RURAL,27660.37,,1,NO,YES,NO,NO,NO
ID13752,69,MALE,SUBURBAN,6100.37,YES,4,YES,NO,NO,YES,NO
ID13753,18,FEMALE,RURAL,,NO,,YES,YES,YES,YES,YES
ID13754,58,FEMALE,RURAL,81732.65,YES,,NO,YES,NO,NO,YES
ID13755,72,MALE,TOWN,52727.81,,1,YES,YES,NO,NO,NO
ID13756,59,FEMALE,TOWN,45517.57,NO,5,YES,YES,NO,NO,YES
ID13757,45,FEMALE,INNER_CITY,86256.32,,0,YES,NO,NO,,NO
ID13758,64,FEMALE,SUBURBAN,95852.64,YES,,NO,YES,YES,,YES
ID13759,34,FEMALE,INNER_CITY,94867.78,NO,,YES,YES,NO,NO,YES
ID13760,25,FEMALE,INNER_CITY,91225.03,,3,NO,YES,NO,YES,YES
ID13761,60,MALE,TOWN,79635.58,NO,1,YES,NO,NO,,YES
ID13762,25,FEMALE,RURAL,84589.69,YES,0,NO,NO,NO,,NO
ID13763,26,MALE,RURAL,85878.55,,2,YES,YES,YES,NO,YES
ID13764,49,MALE,TOWN,42177.67,YES,,YES,NO,YES,NO,YES
ID13765,39,FEMALE,SUBURBAN,99218.19,NO,,YES,NO,NO,YES,NO
ID13766,53,MALE,TOWN,,NO,0,NO,NO,NO,,YES
ID13767,63,FEMALE,TOWN,78395.55,NO,,YES,YES,YES,NO,NO
ID13768,52,FEMALE,TOWN,93602.38,YES,2,NO,YES,YES,,NO
ID13769,63,MALE,RURAL,9012.63,NO,0,YES,NO,YES,YES,NO
ID13770,70,FEMALE,SUBURBAN,9206.71,YES,0,NO,YES,NO,YES,NO
ID13771,37,MALE,TOWN,,YES,,YES,YES,NO,YES,YES
ID13772,65,MALE,TOWN,38304.02,NO,,YES,NO,NO,,NO
ID13773,23,FEMALE,TOWN,28950.98,,0,NO,NO,NO,NO,NO
ID13774,27,FEMALE,RURAL,,YES,2,YES,YES,YES,YES,YES
ID13775,48,MALE,RURAL,83747.97,,0,YES,YES,YES,,NO
ID13776,21,MALE,TOWN,95127.88,YES,3,NO,NO,YES,NO,NO
ID13777,71,FEMALE,SUBURBAN,93212.14,NO,4,YES,NO,YES,YES,NO
ID13778,68,MALE,SUBURBAN,,,0,NO,NO,YES,NO,YES
ID13779,55,FEMALE,INNER_CITY,86015.43,,3,NO,YES,YES,YES,NO
ID13780,72,MALE,INNER_CITY,,YES,2,NO,YES,NO,,NO
ID13781,33,MALE,SUBURBAN,16030.83,NO,0,YES,NO,NO,NO,YES
ID13782,20,FEMALE,INNER_CITY,,NO,5,NO,YES,NO,,NO
ID13783,54,FEMALE,SUBURBAN,52871.98,YES,3,YES,YES,YES,YES,NO
ID13784,63,FEMALE,INNER_CITY,85772.98,NO,,NO,NO,YES,NO,YES
ID13785,55,FEMALE,RURAL,98433.71,,2,YES,NO,NO,,NO
ID13786,24,MALE,INNER_CITY,49792.52,,,NO,YES,NO,,YES
ID13787,43,MALE,INNER_CITY,19437.6,,0,YES,YES,YES,,YES
ID13788,67,FEMALE,INNER_CITY,54987.65,YES,,NO,YES,NO,YES,NO
ID13789,31,FEMALE,RURAL,38508.88,,1,NO,NO,NO,,YES
ID13790,31,MALE,TOWN,63984.29,YES,0,NO,YES,NO,NO,YES
ID13791,74,MALE,TOWN,19691.97,YES,1,NO,NO,NO,NO,YES
ID13792,31,FEMALE,TOWN,90869.62,YES,0,YES,NO,NO,NO,YES
ID13793,61,MALE,INNER_CITY,74167.94,YES,,NO,NO,NO,,YES
ID13794,54,MALE,INNER_CITY,56908.09,NO,1,NO,YES,NO,YES,YES
ID13795,18,FEMALE,SUBURBAN,69580.72,,,NO,YES,YES,YES,NO
ID13796,48,FEMALE,SUBURBAN,89842.53,YES,3,YES,NO,NO,YES,NO
ID13797,23,MALE,RURAL,92408.56,YES,,YES,YES,YES,,YES
ID13798,58,MALE,INNER_CITY,72386.57,YES,5,YES,YES,YES,YES,NO
ID13799,72,FEMALE,SUBURBAN,77916.5,NO,,NO,NO,YES,NO,NO
ID13800,42,FEMALE,RURAL,16763.64,,,YES,NO,YES,YES,NO
ID13801,29,MALE,INNER_CITY,34561.27,,3,NO,NO,NO,,NO
ID13802,52,FEMALE,TOWN,,YES,,YES,YES,NO,,NO
ID13803,63,MALE,TOWN,62913.07,YES,,NO,NO,NO,,YES
ID13804,20,FEMALE,TOWN,29553.66,YES,2,YES,YES,YES,,YES
ID13805,42,MALE,RURAL,50342.86,YES,2,NO,YES,NO,NO,YES
ID13806,73,FEMALE,INNER_CITY,20231.01,NO,,YES,YES,YES,NO,NO
ID13807,40,MALE,SUBURBAN,42466.01,NO,,NO,YES,YES,,YES
ID13808,52,FEMALE,INNER_CITY,5462.6,,4,NO,NO,YES,,NO
ID13809,54,MALE,SUBURBAN,13251.86,NO,1,YES,YES,NO,YES,YES
ID13810,73,FEMALE,TOWN,28723.34,YES,3,NO,NO,NO,NO,YES
ID13811,28,MALE,SUBURBAN,72073.77,YES,,YES,YES,NO,NO,NO
ID13812,42,MALE,INNER_CITY,71216.14,,1,YES,NO,YES,NO,NO
ID13813,49,MALE,TOWN,11334.19,,5,YES,YES,YES,,YES
ID13814,74,FEMALE,SUBURBAN,26197.62,YES,,NO,NO,NO,,YES
ID13815,49,FEMALE,SUBURBAN,,,1,YES,YES,NO,YES,YES
ID13816,59,MALE,RURAL,29901.82,YES,3,NO,NO,YES,,YES
ID13817,22,FEMALE,INNER_CITY,51510.78,YES,,YES,YES,NO,YES,YES
ID13818,22,MALE,RURAL,19537.84,YES,2,YES,NO,YES,YES,NO
ID13819,30,FEMALE,SUBURBAN,30410.49,YES,5,NO,NO,YES,YES,NO
ID13820,63,MALE,INNER_CITY,33996.07,,3,NO,YES,YES,,YES
ID13821,54,MALE,RURAL,96758.05,YES,5,YES,NO,YES,,NO
ID13822,63,MALE,INNER_CITY,5014.93,NO,,NO,NO,YES,NO,YES
ID13823,32,FEMALE,RURAL,91656.46,NO,2,YES,NO,NO,,NO
ID13824,72,MALE,INNER_CITY,27345.82,NO,4,YES,YES,NO,NO,YES
ID13825,34,MALE,SUBURBAN,,NO,4,YES,YES,NO,NO,YES
ID13826,74,MALE,TOWN,25411.97,,,YES,YES,YES,YES,YES
ID13827,33,FEMALE,INNER_CITY,5892.78,NO,3,NO,NO,YES,NO,YES
ID13828,19,FEMALE,SUBURBAN,,NO,,YES,YES,NO,NO,NO
ID13829,66,MALE,INNER_CITY,30498.46,NO,4,NO,YES,NO,,YES
ID13830,36,MALE,RURAL,84612.33,NO,5,NO,YES,NO,NO,NO
ID13831,54,MALE,RURAL,76710.26,NO,4,NO,NO,YES,NO,NO
ID13832,23,FEMALE,SUBURBAN,,YES,,NO,NO,YES,,NO
ID13833,37,MALE,INNER_CITY,22344.45,NO,2,NO,NO,YES,YES,NO
ID13834,38,FEMALE,INNER_CITY,87165.93,,3,NO,YES,NO,NO,NO
ID13835,41,FEMALE,INNER_CITY,60269.22,NO,3,YES,YES,NO,NO,YES
ID13836,33,MALE,RURAL,83843.06,,4,NO,NO,YES,,YES
ID13837,57,MALE,INNER_CITY,,,2,NO,YES,NO,,YES
ID13838,60,FEMALE,TOWN,98376.04,,,NO,YES,NO,NO,YES
ID13839,45,MALE,RURAL,99154.37,,0,NO,YES,YES,YES,NO
ID13840,75,FEMALE,INNER_CITY,29904.59,NO,1,NO,YES,YES,,YES
ID13841,22,MALE,SUBURBAN,,YES,0,NO,YES,NO,YES,YES
ID13842,53,FEMALE,TOWN,8937.19,YES,5,YES,YES,NO,YES,YES
ID13843,49,MALE,TOWN,47822.13,,0,NO,NO,NO,NO,YES
ID13844,71,FEMALE,INNER_CITY,27574.55,YES,3,NO,YES,NO,YES,YES
ID13845,36,MALE,TOWN,81314.18,NO,1,YES,YES,YES,NO,NO
ID13846,39,MALE,SUBURBAN,15000.75,YES,0,NO,YES,NO,NO,NO
ID13847,70,FEMALE,RURAL,16166.79,NO,2,NO,YES,NO,YES,YES
ID13848,68,FEMALE,TOWN,5214.46,,0,YES,YES,YES,NO,NO
ID13849,49,MALE,TOWN,55192.03,YES,3,YES,NO,YES,NO,NO
ID13850,67,MALE,RURAL,18515.18,,,YES,YES,YES,,NO
ID13851,46,MALE,INNER_CITY,68126.28,YES,3,NO,YES,NO,YES,YES
ID13852,68,MALE,INNER_CITY,5945.51,YES,3,NO,YES,NO,NO,YES
ID13853,40,FEMALE,RURAL,63944.56,NO,,YES,NO,YES,YES,YES
ID13854,65,MALE,TOWN,11828.7,YES,3,YES,NO,YES,,NO
ID13855,74,MALE,RURAL,99286.78,NO,0,YES,NO,NO,,NO
ID13856,54,FEMALE,INNER_CITY,96017.07,,5,NO,NO,NO,YES,NO
ID13857,55,FEMALE,INNER_CITY,70811.51,YES,1,NO,YES,NO,NO,NO
ID13858,71,MALE,TOWN,33929.54,,1,YES,YES,NO,YES,YES
ID13859,23,FEMALE,INNER_CITY,95823.55,,,NO,YES,NO,YES,YES
ID13860,39,FEMALE,SUBURBAN,39654.87,,3,YES,YES,NO,,YES
ID13861,19,FEMALE,RURAL,,YES,,NO,YES,NO,YES,NO
ID13862,61,MALE,TOWN,77861.19,,,YES,YES,NO,NO,YES
ID13863,30,FEMALE,RURAL,,NO,4,NO,NO,NO,YES,NO
ID13864,43,FEMALE,INNER_CITY,97696.4,,,YES,YES,NO,NO,YES
ID13865,23,FEMALE,TOWN,64678.16,YES,4,YES,YES,NO,YES,YES
ID13866,32,FEMALE,INNER_CITY,17681.48,YES,,NO,YES,NO,YES,YES
ID13867,46,FEMALE,SUBURBAN,89966.01,,5,NO,YES,NO,YES,YES
ID13868,62,FEMALE,TOWN,28248.31,,1,YES,NO,YES,NO,NO
ID13869,45,MALE,RURAL,,,2,YES,NO,NO,,NO
ID13870,71,MALE,TOWN,97695.33,,3,YES,NO,YES,,NO
ID13871,53,FEMALE,RURAL,81597.0,NO,,YES,NO,NO,,NO
ID13872,41,MALE,SUBURBAN,58728.84,YES,3,NO,YES,YES,NO,YES
ID13873,49,FEMALE,RURAL,14422.58,YES,2,YES,YES,NO,,YES
ID13874,69,FEMALE,TOWN,61935.25,YES,5,NO,YES,YES,,NO
ID13875,33,MALE,SUBURBAN,,YES,,YES,NO,NO,,YES
ID13876,63,FEMALE,RURAL,80602.86,YES,5,YES,YES,NO,NO,NO
ID13877,49,MALE,TOWN,79174.38,YES,4,YES,YES,YES,YES,NO
ID13878,57,FEMALE,RURAL,13870.37,YES,0,NO,YES,YES,,NO
ID13879,31,FEMALE,RURAL,66498.89,NO,5,YES,NO,NO,NO,YES
ID13880,70,FEMALE,TOWN,,NO,2,NO,NO,NO,,NO
ID13881,47,FEMALE,INNER_CITY,76047.06,YES,2,YES,NO,YES,YES,YES
ID13882,73,FEMALE,RURAL,83473.73,,,YES,NO,NO,NO,YES
ID13883,59,MALE,RURAL,35341.26,,,NO,NO,NO,NO,NO
ID13884,57,MALE,TOWN,44833.07,,1,NO,YES,YES,YES,NO
ID13885,62,FEMALE,TOWN,57333.13,YES,,NO,YES,NO,,NO
ID13886,70,FEMALE,RURAL,62747.28,,0,YES,NO,NO,NO,YES
ID13887,48,FEMALE,RURAL,19893.83,YES,1,YES,YES,YES,YES,YES
ID13888,40,MALE,INNER_CITY,,YES,,YES,YES,NO,,YES
ID13889,18,FEMALE,TOWN,,YES,3,YES,YES,NO,YES,NO
ID13890,18,MALE,SUBURBAN,,YES,,YES,NO,NO,,YES
ID13891,36,MALE,TOWN,35645.92,YES,0,YES,YES,YES,,NO
ID13892,61,MALE,RURAL,50738.14,YES,5,NO,YES,NO,NO,YES
ID13893,30,MALE,SUBURBAN,44075.33,YES,3,YES,NO,YES,YES,NO
ID13894,53,MALE,SUBURBAN,47074.87,YES,0,YES,NO,NO,NO,NO
ID13895,41,FEMALE,TOWN,,NO,,YES,YES,YES,YES,YES
ID13896,45,FEMALE,INNER_CITY,23614.66,YES,3,YES,NO,NO,NO,YES
ID13897,53,FEMALE,TOWN,,YES,4,NO,NO,NO,,YES
ID13898,57,FEMALE,INNER_CITY,10006.51,NO,,NO,NO,YES,YES,NO
ID13899,70,MALE,TOWN,14122.3,YES,4,NO,YES,YES,NO,YES
ID13900,45,FEMALE,TOWN,,NO,0,YES,YES,NO,YES,NO
ID13901,47,FEMALE,SUBURBAN,20313.63,,4,YES,NO,YES,NO,YES
ID13902,70,FEMALE,TOWN,25698.62,YES,4,YES,YES,NO,YES,NO
ID13903,59,MALE,TOWN,,NO,3,YES,NO,YES,,NO
ID13904,22,FEMALE,TOWN,96800.78,,1,NO,NO,YES,,NO
ID13905,29,MALE,TOWN,85342.77,NO,,YES,NO,YES,NO,YES
ID13906,68,FEMALE,SUBURBAN,96184.54,,5,YES,NO,NO,,YES
ID13907,20,MALE,TOWN,85816.56,,5,YES,NO,YES,YES,YES
ID13908,47,FEMALE,SUBURBAN,93210.26,NO,,NO,NO,NO,YES,YES
ID13909,28,FEMALE,TOWN,88155.04,NO,,NO,YES,YES,NO,YES
ID13910,22,FEMALE,INNER_CITY,86449.27,YES,3,YES,YES,NO,,YES
ID13911,41,MALE,INNER_CITY,61008.23,NO,4,NO,YES,NO,NO,NO
ID13912,29,FEMALE,INNER_CITY,32385.02,NO,,NO,YES,YES,NO,NO
ID13913,27,MALE,SUBURBAN,72024.78,YES,1,YES,YES,NO,NO,YES
ID13914,61,FEMALE,TOWN,,NO,5,YES,NO,YES,YES,YES
ID13915,68,FEMALE,TOWN,,NO,1,NO,YES,NO,YES,YES
ID13916,26,MALE,TOWN,60258.62,,2,NO,YES,YES,YES,NO
ID13917,68,FEMALE,SUBURBAN,11931.57,,3,YES,NO,NO,,YES
ID13918,33,MALE,INNER_CITY,,,5,NO,YES,YES,YES,NO
ID13919,74,MALE,RURAL,53982.41,,,YES,YES,YES,NO,YES
ID13920,26,FEMALE,RURAL,47361.57,NO,1,NO,NO,NO,,YES
ID13921,26,MALE,RURAL,68998.55,NO,,NO,NO,YES,YES,NO
ID13922,28,FEMALE,RURAL,78054.46,,0,NO,YES,NO,,NO
ID13923,26,MALE,TOWN,51236.24,NO,1,YES,YES,NO,NO,NO
ID13924,39,MALE,SUBURBAN,63468.15,YES,4,NO,YES,YES,NO,NO
ID13925,52,FEMALE,RURAL,97642.26,NO,0,NO,NO,YES,YES,YES
ID13926,53,FEMALE,TOWN,,NO,4,NO,YES,NO,NO,YES
ID13927,53,FEMALE,TOWN,11882.02,,1,YES,YES,NO,,NO
ID13928,21,FEMALE,RURAL,69452.43,,4,YES,YES,NO,YES,YES
ID13929,58,MALE,RURAL,53399.85,YES,,NO,NO,NO,YES,YES
ID13930,53,FEMALE,RURAL,82783.34,,0,YES,YES,NO,NO,YES
ID13931,44,MALE,INNER_CITY,,NO,1,YES,NO,YES,,NO
ID13932,54,FEMALE,INNER_CITY,85881.31,,5,NO,NO,YES,,NO
ID13933,72,MALE,INNER_CITY,36076.58,NO,5,YES,NO,NO,YES,NO
ID13934,66,MALE,INNER_CITY,43034.25,YES,,NO,YES,YES,NO,NO
ID13935,49,MALE,INNER_CITY,43126.98,NO,2,NO,YES,NO,NO,NO
ID13936,44,FEMALE,TOWN,51984.71,,3,YES,YES,YES,YES,YES
ID13937,27,MALE,INNER_CITY,83273.88,NO,,NO,YES,YES,NO,NO
ID13938,47,MALE,RURAL,52953.03,YES,5,NO,NO,YES,NO,NO
ID13939,49,MALE,SUBURBAN,10604.87,NO,4,NO,YES,NO,YES,NO
ID13940,59,MALE,TOWN,27445.72,YES,5,NO,NO,NO,YES,YES
ID13941,20,FEMALE,SUBURBAN,99664.16,NO,1,NO,NO,NO,NO,NO
ID13942,57,FEMALE,TOWN,66330.9,NO,2,YES,NO,NO,YES,NO
ID13943,71,FEMALE,RURAL,70882.33,YES,0,NO,YES,YES,YES,YES
ID13944,66,MALE,SUBURBAN,83145.96,YES,,YES,YES,YES,NO,YES
ID13945,75,MALE,RURAL,32790.82,,,NO,NO,YES,,YES
ID13946,36,FEMALE,SUBURBAN,93189.48,NO,5,YES,YES,NO,,YES
ID13947,26,MALE,INNER_CITY,9743.82,YES,4,NO,NO,YES,NO,NO
ID13948,60,FEMALE,INNER_CITY,68804.6,,0,NO,NO,NO,,YES
ID13949,34,FEMALE,SUBURBAN,,YES,2,NO,YES,YES,YES,YES
ID13950,74,MALE,RURAL,33732.69,YES,,YES,YES,YES,YES,NO
ID13951,30,MALE,SUBURBAN,,YES,,YES,NO,NO,,NO
ID13952,30,MALE,TOWN,76571.95,NO,2,NO,YES,YES,YES,YES
ID13953,23,MALE,TOWN,42548.34,,0,NO,NO,YES,YES,NO
ID13954,53,FEMALE,SUBURBAN,92378.23,,1,NO,YES,NO,,NO
ID13955,49,FEMALE,SUBURBAN,5126.83,,4,YES,NO,YES,,YES
ID13956,40,MALE,SUBURBAN,40417.99,,,YES,NO,YES,,YES
ID13957,38,FEMALE,INNER_CITY,43789.57,YES,2,NO,YES,NO,,YES
ID13958,29,MALE,RURAL,56250.87,NO,1,NO,YES,YES,YES,YES
ID13959,29,MALE,SUBURBAN,40257.35,,,YES,YES,NO,NO,YES
ID13960,25,FEMALE,RURAL,,YES,5,NO,NO,YES,NO,NO
ID13961,43,MALE,TOWN,96302.31,YES,,YES,NO,YES,NO,YES
ID13962,48,MALE,SUBURBAN,,,,NO,YES,YES,YES,YES
ID13963,39,MALE,TOWN,,NO,2,NO,YES,YES,YES,YES
ID13964,72,MALE,SUBURBAN,82803.61,NO,3,NO,YES,YES,,YES
ID13965,62,FEMALE,RURAL,99030.69,YES,4,NO,NO,NO,YES,YES
ID13966,58,FEMALE,INNER_CITY,18511.81,YES,1,NO,NO,NO,NO,YES
ID13967,25,FEMALE,RURAL,,YES,0,YES,NO,NO,,NO
ID13968,55,MALE,SUBURBAN,87236.86,,4,YES,YES,YES,YES,NO
ID13969,24,FEMALE,SUBURBAN,74685.42,YES,5,YES,NO,NO,,NO
ID13970,61,MALE,RURAL,49432.18,YES,5,NO,YES,YES,,NO
ID13971,28,MALE,SUBURBAN,31778.85,NO,,YES,NO,NO,,NO
ID13972,53,MALE,INNER_CITY,95181.48,YES,0,NO,NO,YES,YES,YES
ID13973,48,FEMALE,SUBURBAN,18788.34,NO,,NO,NO,NO,YES,YES
ID13974,47,MALE,SUBURBAN,95171.7,,,NO,NO,YES,YES,YES
ID13975,34,FEMALE,TOWN,48689.48,,2,NO,NO,YES,NO,NO
ID13976,25,FEMALE,RURAL,17286.05,,,NO,NO,YES,NO,NO
ID13977,35,FEMALE,TOWN,11750.36,,5,NO,NO,YES,NO,NO
ID13978,47,FEMALE,INNER_CITY,22227.36,NO,3,YES,YES,NO,YES,NO
ID13979,22,MALE,SUBURBAN,96469.17,YES,2,NO,NO,YES,NO,NO
ID13980,72,FEMALE,INNER_CITY,49593.67,,4,YES,NO,NO,NO,NO
ID13981,27,FEMALE,RURAL,20911.52,,0,NO,YES,NO,,YES
ID13982,65,MALE,INNER_CITY,58775.49,YES,,YES,NO,NO,NO,YES
ID13983,54,FEMALE,RURAL,,,1,NO,YES,YES,YES,NO
ID13984,44,FEMALE,TOWN,96629.32,NO,1,NO,YES,NO,,YES
ID13985,38,FEMALE,RURAL,91407.09,NO,,YES,NO,NO,,NO
ID13986,61,FEMALE,SUBURBAN,28201.72,,,NO,NO,NO,,YES
ID13987,50,MALE,RURAL,65719.38,YES,0,NO,NO,NO,YES,YES
ID13988,74,MALE,TOWN,69605.12,,,NO,YES,YES,YES,YES
ID13989,31,MALE,TOWN,14125.8,YES,5,YES,NO,NO,YES,NO
ID13990,66,MALE,SUBURBAN,,,0,NO,YES,NO,NO,YES
ID13991,20,FEMALE,TOWN,60776.81,NO,5,YES,YES,YES,YES,YES
ID13992,74,MALE,INNER_CITY,77051.69,,,YES,YES,YES,,YES
ID13993,22,MALE,SUBURBAN,23523.0,NO,4,NO,YES,NO,NO,NO
ID13994,48,FEMALE,RURAL,60110.32,NO,1,YES,YES,NO,,NO
ID13995,25,FEMALE,RURAL,81394.48,,,YES,YES,NO,NO,YES
ID13996,71,MALE,INNER_CITY,57348.58,NO,,YES,NO,NO,NO,NO
ID13997,68,FEMALE,SUBURBAN,14540.5,YES,3,NO,YES,NO,YES,NO
ID13998,65,FEMALE,SUBURBAN,78137.25,YES,2,NO,YES,NO,NO,YES
ID13999,23,FEMALE,SUBURBAN,70448.34,YES,5,YES,YES,NO,YES,NO
